1,rsakins0@liveinternet.ru,kZvBAHWL,gzouch0
2,rraatz1@patch.com,UC3gOgeON5,dmactrustie1
3,dblanden2@house.gov,hfK8ZdW1mRX5,hcrowley2
4,fkenyon3@people.com.cn,Kfqhkakeyl5s,carnell3
5,ppleasaunce4@mayoclinic.com,BJnqxAgH,gtrenholm4
6,cbispham5@hhs.gov,HoPgS9FQ5Yhe,mhoggetts5
7,scharke6@elpais.com,nunolmdRaZ,rregorz6
8,bclaasen7@vinaora.com,8Z1rax,cpeachman7
9,mstirton8@walmart.com,Sysgcv,zkill8
10,oivanchov9@imageshack.us,1L9wCt,maizkovitch9
11,dbaudeta@studiopress.com,GOPl8X,cbaldellia
12,fackenheadb@devhub.com,tAYIg4xJKqLd,mbarfootb
13,kwixc@ca.gov,fdKAOItI,rhildredc
14,jfilinkovd@redcross.org,OtCSbGfouJuB,ekitteld
15,jmorefielde@wufoo.com,yyD5EJduqGYL,mcluatte
16,kwellerf@discuz.net,6paioYgUgXE,dcrottyf
17,ggresserg@oakley.com,zFjIfPn3,nfarringtong
18,bvequaudh@purevolume.com,Gyb7H27,cgittish
19,hcraigi@opensource.org,xCdwM7,bdusti
20,cberanj@europa.eu,TeCod9US,kcoultardj
21,nsanperk@comcast.net,0VqbB84,fkitleek
22,arookel@nytimes.com,B4LjfSCOc,dsimesl
23,abramichm@usatoday.com,VCBHcATo3,wbussensm
24,abreffittn@businesswire.com,1rcAcS,bfulstown
25,aheatheringtono@ebay.com,JYP29mo,bvasenino
26,mheitonp@vinaora.com,OGFm1pPMTd,sbritnellp
27,bdouldenq@hhs.gov,YrsrBGLVk,iguinanq
28,banthamr@usa.gov,52ex81,nlumberr
29,bbridgewaters@gizmodo.com,cyracXbE4Po,bbegginis
30,mlanchestert@techcrunch.com,XlqDu55,tyoungst
31,adentu@dion.ne.jp,EtmcvV933ve,dlammertzu
32,cheadlandv@mozilla.org,fizGRyJU,lgyorgyv
33,dburnetw@msu.edu,pVMa0rqIa,nkarpovw
34,imalzardx@t-online.de,BiXHkzD,lartzx
35,cropkinsy@nasa.gov,0Ho3GL4,colivazziy
36,fpentlandz@spiegel.de,vMIB04,klivingstonez
37,wwherrit10@examiner.com,vTezZeC,wwiles10
38,cfreear11@prlog.org,CeftiU5,mpolak11
39,ahabbes12@indiatimes.com,LfMexUz,gcough12
40,ggert13@exblog.jp,rS9Merwkghj,mshallo13
41,cedney14@myspace.com,XkLG1mw,maugustin14
42,tbealing15@webnode.com,M3PphfQwH,dbeadnall15
43,gdegregorio16@addtoany.com,Ppf0dr,ndarton16
44,jromanini17@amazon.com,gBER2q283,jarmall17
45,cpimblott18@google.it,5z0dG0o,lfawloe18
46,scolthurst19@abc.net.au,owobrzUhzN7,marundel19
47,lfarens1a@ovh.net,0X5pmQm,mfusco1a
48,fflecknell1b@usnews.com,Up1CDL1KZ,tmardy1b
49,janger1c@mapquest.com,MS2yyalc9Ww,pdwire1c
50,tcustard1d@cnet.com,qRNlXnzs,carger1d
51,nscanterbury1e@yellowbook.com,3Kkk2OzC,sletford1e
52,kglossop1f@sun.com,kZIV7VI,mmirams1f
53,flipman1g@uiuc.edu,J4mcom,gmalitrott1g
54,kfeldbau1h@state.gov,UT9m1d,sdepietri1h
55,acastellucci1i@nature.com,SySzyuUpe,rkilty1i
56,mlossman1j@twitpic.com,wMsbe9ray0d,ismail1j
57,ktreece1k@acquirethisname.com,76e873SHK,mromao1k
58,jaers1l@indiatimes.com,xg7fK4,rfanshaw1l
59,ghaddeston1m@i2i.jp,sBwEMiK01py4,hmuress1m
60,agendricke1n@umich.edu,Zpb3GK,tpabelik1n
61,cpolhill1o@marriott.com,b6hfeJANBan,amarsay1o
62,cburges1p@gizmodo.com,2XtW81v4k,igallant1p
63,awalworche1q@dion.ne.jp,GByozx2,wcantopher1q
64,ksimoncini1r@sphinn.com,XEvZUeKCtA,tcolenutt1r
65,ssandal1s@cornell.edu,TDTi3awBLK,hpriel1s
66,hschuck1t@sitemeter.com,3dzsypRxiV,cpotte1t
67,rlantoph1u@ftc.gov,rE8EIkNS,treast1u
68,gpostlewhite1v@printfriendly.com,ZrsjhMqJ,hgamlyn1v
69,dblaise1w@tuttocitta.it,NhIwyCn,ageraudy1w
70,kvelden1x@feedburner.com,Is4laiNAWxf5,tgrigorian1x
71,mrocco1y@si.edu,5RSJyL4bW5I,enisbet1y
72,rzumfelde1z@geocities.com,9g9MwRNW7,amoreside1z
73,mlongdon20@ucla.edu,UR6cPDkS,cbaldacchi20
74,fpentin21@yellowbook.com,fHwtaOTGYb,wclutram21
75,scowdry22@acquirethisname.com,Ex2xxkQ,sstambridge22
76,eerickssen23@spotify.com,yNhxfc,dheinzel23
77,styhurst24@loc.gov,Af9240XwdT,rmulchrone24
78,eswithenby25@posterous.com,jJlZgbJYM,aainsby25
79,cathey26@spotify.com,diJRgVdJ,nyouson26
80,cbartolomucci27@state.tx.us,B6WB2azh3,kradish27
81,qspennock28@google.de,uKP7wVL,qkidd28
82,iguiraud29@pagesperso-orange.fr,QZTNU34YLJ,rrozea29
83,chaselwood2a@cbslocal.com,M4pegrpdFDR5,zwombwell2a
84,fgowman2b@nymag.com,bXxulY,hgeraudy2b
85,lmacdonagh2c@skype.com,QNaShkmiqnp,cmccullagh2c
86,mmannock2d@elegantthemes.com,8TvDyBUMJqi,astummeyer2d
87,sshearmur2e@ycombinator.com,K8wluCdA,etinsley2e
88,pmillis2f@artisteer.com,RzllbohpZ,tmuttitt2f
89,rboyles2g@is.gd,Uw9pzj5,hburgis2g
90,sbrickdale2h@lycos.com,JNW01QWYjD,cdeyes2h
91,gvales2i@jimdo.com,3asGB9UwH,cvynoll2i
92,lruthven2j@theatlantic.com,TUtbEqx8no,ggabbat2j
93,hjuste2k@yahoo.co.jp,3aTTcDZV,sgodding2k
94,agadsden2l@jimdo.com,SwUlQXtmY,jelphinston2l
95,lstokoe2m@twitpic.com,18CsYJxWtKe,acobbold2m
96,bbrittles2n@tumblr.com,tBSzDA26e,bmarrett2n
97,mmurrish2o@virginia.edu,U0vanM9vSo,cvanyutin2o
98,kbehne2p@bbc.co.uk,jixNPk2OnT,rvedeniktov2p
99,ddegoy2q@google.ru,sViG9Q9lFU,llygo2q
100,nwalhedd2r@cafepress.com,ac1zNl8F,aselly2r
101,csteagall2s@mapy.cz,JJfD0A,vstandingford2s
102,lwhitwood2t@weibo.com,KyEgIdLC,chardisty2t
103,bmcclurg2u@github.io,w767zkV,cpecht2u
104,kcreak2v@springer.com,Zp3FRaRlve,nkarpets2v
105,mivakhno2w@imdb.com,jRziCre15FlF,wtern2w
106,toneil2x@cnn.com,GG7oXRt5Jtt8,jvauls2x
107,fmegany2y@furl.net,cjl7PnSYOk,adeer2y
108,srobart2z@php.net,AFGxkP5,tworkman2z
109,kbeesley30@list-manage.com,YoqrHwNZr7K,bkohrt30
110,tjecock31@state.gov,gJDKEQHlRJ,lbettridge31
111,vcoveny32@vinaora.com,2kmkmlmj0,rkerwick32
112,ttomczak33@weather.com,9YJgWHQsZXT,bcashell33
113,gverdey34@de.vu,QO37A7rs,mbradburn34
114,rbaldoni35@intel.com,G2eGgC0UGIb1,sfulks35
115,mjohnson36@usa.gov,wDcGRDz,emccarl36
116,lvest37@blog.com,gCQqxA,aorrin37
117,hbaldrick38@forbes.com,c2FP0m3WeL,dbrandsma38
118,gpays39@bravesites.com,INpfobbZ33,rkillock39
119,eclyma3a@ustream.tv,14EZD62i,bnotley3a
120,nfrobisher3b@wordpress.com,oe5kp3CHxyNp,adurrans3b
121,doleshunin3c@lycos.com,4NLvrVvrpg,hkenlin3c
122,pmacpake3d@youku.com,3rjda2UNSxP,kstonman3d
123,dcawcutt3e@icq.com,oVqAGk,afelgate3e
124,dsummerbell3f@adobe.com,LXAueliVL,kbefroy3f
125,ctillett3g@youtube.com,dpLngcSvnzg,gvasyuchov3g
126,kleupold3h@360.cn,ggD4ciR,egeydon3h
127,mmegainey3i@privacy.gov.au,0b403N7,sliley3i
128,cmartini3j@elegantthemes.com,PDCRrVXhv,papplebee3j
129,vmenco3k@rakuten.co.jp,7baB16YXgH,satger3k
130,gridhole3l@tiny.cc,Y1LgYCsw,acapelow3l
131,rbaker3m@samsung.com,QLvJbT,amournian3m
132,vshah3n@typepad.com,g4zT3LdP6k,kborley3n
133,anewband3o@wsj.com,QVTwS946,ffaulkes3o
134,amitcham3p@photobucket.com,pQcGqpCn,ssapshed3p
135,icollins3q@studiopress.com,V4jehb,lcholdcroft3q
136,msilcock3r@smugmug.com,sL03IAq38XG,mhimsworth3r
137,snevet3s@barnesandnoble.com,YiSSMwlz,gglabach3s
138,mlaxston3t@netlog.com,iWtDljqWpb,cnoni3t
139,ldraijer3u@typepad.com,pZyDbz4A,hboyle3u
140,mhallen3v@indiatimes.com,lKrouadwgi,ccotsford3v
141,bcolkett3w@github.com,rgDQiG3EJ,tmeron3w
142,glhomme3x@toplist.cz,SOiA7IFKVW,rlabroue3x
143,tmcbean3y@facebook.com,cXXKrwA,svamplus3y
144,smabbett3z@imdb.com,0qBLN9ukdh,cpratchett3z
145,rmcguffog40@yelp.com,KQmXoYPr5,browson40
146,lblackett41@mail.ru,nYoIV5vQ,nsweedy41
147,sbalsdon42@taobao.com,vlJGNyiO75,bruzicka42
148,pdives43@dion.ne.jp,LWuK8X,jdanniel43
149,ewilstead44@ed.gov,AjZCIedP5Whp,animmo44
150,bkolak45@acquirethisname.com,6gz4TwV,cbarhims45
151,araiston46@nymag.com,IuajxkUPGtjK,pstains46
152,eambrosi47@linkedin.com,CZtijJD6KdU,bruddin47
153,arepper48@globo.com,pxJgTQY6,gfrohock48
154,rgrzeskowski49@nature.com,jeWNbL05Csy,pduddell49
155,tcleever4a@topsy.com,i5L5rLfDdUH1,cbrunini4a
156,slonergan4b@sitemeter.com,wJs50i,snormanell4b
157,ncoppo4c@godaddy.com,0P8Opf55Gvdm,hhedney4c
158,stindall4d@hp.com,pByB3tM,landrejs4d
159,pletchmore4e@cnbc.com,VPwaNjdBe8tz,ntall4e
160,kchapelhow4f@cloudflare.com,g5ngikiIp4Z,nbuchett4f
161,rdabbs4g@ted.com,cq4KykZ,legdal4g
162,kgeelan4h@unblog.fr,bxTLfRoQF,cpeel4h
163,bhadgraft4i@wikimedia.org,5MPOgZNz7Sa,hcogswell4i
164,shartfleet4j@bandcamp.com,3MiRK6hm,bmcgilmartin4j
165,tmatton4k@canalblog.com,YtOdmZ8,tkinnon4k
166,etoll4l@drupal.org,8oHUQGgSiG,tlorkins4l
167,bcoe4m@cyberchimps.com,tt5FSk7H,fnisuis4m
168,klynnitt4n@usda.gov,SBMOawI,avollam4n
169,cheadingham4o@wikia.com,9GraUGtr,nrotte4o
170,bsnuggs4p@dell.com,6Xycfj,eharriss4p
171,cmowsley4q@hhs.gov,V9gNm6K,aridley4q
172,btoffoloni4r@blogtalkradio.com,InP7vl8,etorrance4r
173,cmatys4s@de.vu,hp4IRE6W,lrupke4s
174,lmcelwee4t@va.gov,TBvf8QXji,dblowes4t
175,turen4u@dailymotion.com,xbLelRpoG7T,sdowdney4u
176,mpadillo4v@dmoz.org,y3LGfxYk,dmanginot4v
177,bcavil4w@reference.com,dyL9LzPn9,mmaclachlan4w
178,dmaccardle4x@nifty.com,GQVu5JlQr,sproctor4x
179,mlemarquis4y@skype.com,6R44Qy,ctolworthy4y
180,cstopford4z@unesco.org,XBeiPjWcd,sgrinaway4z
181,mdemullett50@wordpress.org,Gu8ogP568Ig,gjohnikin50
182,pnudd51@netvibes.com,DANFMs,mbonhome51
183,bsibson52@webnode.com,J5Ph3cBOMTRO,gsjollema52
184,rbenediktovich53@tinyurl.com,tDWbFOlAwWm6,vbullar53
185,coshaughnessy54@photobucket.com,E2DUhCGw6K1,rpentland54
186,jpeartree55@imdb.com,kzEkJGCxK95,adowner55
187,mfrick56@github.io,0TSt7qLn09,scottill56
188,fcroke57@amazon.co.jp,hb6FV9Dw,sdelagnes57
189,atirkin58@usda.gov,qQJHbeb,nlanon58
190,sgoldenofireland59@paypal.com,khMy1gPm3,gaugustine59
191,perskin5a@adobe.com,ucLfRt,mletch5a
192,dhaswell5b@mail.ru,63Ej96Wa,ohighton5b
193,ebolzen5c@loc.gov,qFtrlDq,spail5c
194,imerrywether5d@addthis.com,zINAZLmdo,vtemporal5d
195,ncaldicott5e@facebook.com,eIPxIWHF5s,cbeamson5e
196,kkarpe5f@ftc.gov,64kbFUWWkwY,zgolde5f
197,rfarr5g@va.gov,cHIGB8CNOhw,epods5g
198,areace5h@parallels.com,fIzyq3lz8LJf,warlett5h
199,cperfili5i@google.de,H4Y9ZzeIn,jlomas5i
200,srosling5j@wikimedia.org,zpP3QSRB4O,nbooi5j
201,dvallentin5k@soundcloud.com,jD9QyQu4uz,ehold5k
202,cnarramor5l@discuz.net,EbCRaNF,ceckersley5l
203,ljose5m@about.me,BCdKlGr,bknightley5m
204,cwoolnough5n@friendfeed.com,8IAS6EqL,ogrenkov5n
205,edollimore5o@dion.ne.jp,GI1o7a86NxyD,jhitschke5o
206,dgethouse5p@admin.ch,zL8dXNHDAib5,bsedge5p
207,bdelia5q@npr.org,F1CDTiKlHT,edanelut5q
208,lryland5r@ucoz.ru,JcGh1GC,targente5r
209,tmattys5s@time.com,20VvoWUr,opeyzer5s
210,btackes5t@nih.gov,FKc0AeEax1hO,blanon5t
211,tdefau5u@google.it,FYfK5YkXy2Vr,trenn5u
212,rhambridge5v@cbsnews.com,T9tmT7HbEBf,oellen5v
213,asilwood5w@mail.ru,SYsYj2lvA0,cstangroom5w
214,npapa5x@pbs.org,LYRDvTrqgZy,ehaughan5x
215,nkondratenko5y@about.me,P3wdGM5F,mbalcon5y
216,tloffhead5z@dedecms.com,5MiOzsn1PPeY,jsteedman5z
217,sferraresi60@pagesperso-orange.fr,YjG6L9Gc,pasple60
218,jamer61@linkedin.com,REM1jn,wlintott61
219,rhowsley62@ted.com,8suaxQgr,sfehely62
220,korrin63@smh.com.au,ck7WkXzFc,yvasilik63
221,bmacpaik64@photobucket.com,mEjjcKXccN,alincke64
222,anekrews65@nydailynews.com,xnIHbSd0cNc,mbernardt65
223,mtatlock66@chicagotribune.com,fshDXE4qdsH,jwilce66
224,wtinner67@simplemachines.org,6HZVNl,jhunnable67
225,jivory68@elegantthemes.com,j8RWE1Pq,nimison68
226,dhaking69@about.com,co6vjVUs,wokenny69
227,vcrummie6a@domainmarket.com,jtytiyrI4rK,dhebborn6a
228,gvisick6b@blogspot.com,8spZmA,ibloomer6b
229,mharmer6c@blog.com,B4QfgVKsaoJ,gelcoate6c
230,cspeakman6d@utexas.edu,Tr5sfg,ipuddan6d
231,tpelerin6e@w3.org,aoWjCPwAwXk,kawcoate6e
232,lmcmurthy6f@geocities.jp,NlA6PNt0BmW5,ncridland6f
233,bhadenton6g@wp.com,Lz8U1Te,ezettler6g
234,nfiggen6h@studiopress.com,B9oFz9s0qE,msteljes6h
235,awellstead6i@de.vu,H0gB4g7hj,dmcharry6i
236,erumney6j@shareasale.com,cEjScp,sslader6j
237,bmixer6k@pcworld.com,DjD5Bzc81Kl,bnurden6k
238,srockhall6l@amazonaws.com,qYQgrvK,tstrangman6l
239,eellit6m@whitehouse.gov,fAmxV4s,mmanville6m
240,mbalkwill6n@elpais.com,tKgS9ov8qJ,wgerman6n
241,kbuie6o@sfgate.com,hSwy4adiiH,nbeneze6o
242,glucian6p@slideshare.net,SIlnZctrJA4,meskrick6p
243,warnfield6q@t-online.de,vNLyHD,kpinsent6q
244,imatkovic6r@woothemes.com,Bq3biGlyMTEs,cboliver6r
245,hpauletti6s@google.co.jp,tij8cdIJPA4,ldavsley6s
246,hbleesing6t@1und1.de,BJzooGPX,vlumby6t
247,ltrace6u@mozilla.org,yJcxDK,karnaud6u
248,dlawrie6v@umich.edu,uZ1HntK4,tpalfrie6v
249,gjozwicki6w@t-online.de,BaOLoJ,shaythorn6w
250,dsteer6x@tinyurl.com,IjTrn9,diveans6x
251,dvaissiere6y@storify.com,ksNiILr2U1P,sfeldbrin6y
252,gdevoiels6z@unesco.org,NwfBa4l,tsanson6z
253,bwoolatt70@newsvine.com,IBiT80xF,krollason70
254,mbraitling71@themeforest.net,gfM1Bz,sgolby71
255,hbricham72@psu.edu,q3SV9xnty5C,mplante72
256,njacquemot73@irs.gov,owcHUro4jUn7,kbrockley73
257,kbasford74@toplist.cz,z045zzqcEIb,mburree74
258,mdhillon75@google.nl,Odn5q153mOzO,dnagle75
259,ddodworth76@census.gov,COf1qjrS,tolden76
260,aslevin77@livejournal.com,esxZB8niDD,lbaselio77
261,jfranceschino78@chronoengine.com,MzZDlHNAmoDS,ecicculi78
262,fcuningham79@springer.com,BeZDwA1SpXK,adouble79
263,rkeynd7a@barnesandnoble.com,ebUUpBSuJWu,bhelleckas7a
264,mgentiry7b@who.int,gOdssKLkRr,gtookill7b
265,egodfroy7c@odnoklassniki.ru,4N5KOE,bsommerlie7c
266,cumbers7d@xing.com,YzAYktc,rcharge7d
267,nmacgray7e@wikia.com,1xZiXO6a,tdomanek7e
268,rmelarkey7f@sakura.ne.jp,1mONU2Me,fnerne7f
269,wtomasutti7g@xing.com,mzFwGvgd2S,nseymark7g
270,gsinnatt7h@odnoklassniki.ru,9m9MJrl1z1,bnecrews7h
271,hdanev7i@google.fr,kGAOqorYGHD,klob7i
272,jfearick7j@bandcamp.com,HWUtITbTt,gmarkussen7j
273,mdenyagin7k@reference.com,3JH1Fmx5,pnucci7k
274,ldilrew7l@amazon.co.jp,Tp2cfXEa5,mbloor7l
275,sgieves7m@myspace.com,Et14QI2,docrigane7m
276,mheardman7n@reuters.com,mfJyz6,jswales7n
277,ddickins7o@blogger.com,5HHR7h,hhorsewood7o
278,dcurdell7p@amazon.de,X9VHaG,bsymcock7p
279,lsheldrick7q@acquirethisname.com,cNoBac,sdubery7q
280,tmanning7r@wix.com,HiO9WV9vC,cfigurski7r
281,cglison7s@sakura.ne.jp,4nPJkM5NBFv5,clevesley7s
282,asimonard7t@dion.ne.jp,JX4mbKA,lokey7t
283,bnourse7u@pcworld.com,bkXMqF5ni68A,asnowdon7u
284,acoatman7v@smh.com.au,p1q12CIh9,slebarree7v
285,hainsby7w@bbc.co.uk,LdsEAgh2X,msager7w
286,bchecklin7x@cnbc.com,a78qEXOgNGF,cjessett7x
287,gtremelling7y@ocn.ne.jp,GQtEZzW9ppi,elasseter7y
288,tchecketts7z@tumblr.com,PWCTF0,tglackin7z
289,astyan80@shinystat.com,CNjUuO,mshewon80
290,bhoggan81@fda.gov,6kkm8CFFUE,tpolsin81
291,lgoodayle82@slashdot.org,4HqfbR5y5,garmytage82
292,zlown83@si.edu,ovAKStY,lwoollin83
293,atarge84@soup.io,RcCJQ6brxxw,hrenahan84
294,rblackley85@smh.com.au,W0CRYDwn,jfundell85
295,mvennard86@purevolume.com,nVaYdj,scaiger86
296,pshrubsall87@cdc.gov,ivr0gKKR,mgarbutt87
297,sglencorse88@bloomberg.com,DKPcMsTnR9S7,igartell88
298,cyeats89@privacy.gov.au,WIeVzLFHLu,bgerrill89
299,rsevers8a@amazon.com,Uxf8f3,vpaolo8a
300,lallaker8b@patch.com,zGdHrTcpe,vclevely8b
301,cripley8c@reuters.com,pQjBog9vok,achuter8c
302,kfothergill8d@pbs.org,94nnK4SPDkiU,bokerin8d
303,tclausen8e@ning.com,06EWduKBBqc,atrever8e
304,vdavet8f@facebook.com,PATkHqc,eohern8f
305,cpeinke8g@mlb.com,qmUiPK,lodowne8g
306,agiamo8h@who.int,VwqYofC2bWw,hwrintmore8h
307,kagglione8i@furl.net,E9OAAiNs0D,mobee8i
308,sbacon8j@livejournal.com,FYo6N2,abosquet8j
309,awightman8k@about.com,Y4euy7Q4,rlaird8k
310,aamdohr8l@istockphoto.com,U32VHxqB2wwH,efrigout8l
311,eslewcock8m@economist.com,hwyYgag,mcawley8m
312,fbulstrode8n@paypal.com,QkXaxNLP,tsextone8n
313,ybryde8o@aol.com,sxq1d1vsjPc0,bkerton8o
314,lockwell8p@clickbank.net,OfTP90,sturneaux8p
315,ftaberner8q@fotki.com,UEutXi,lsalaman8q
316,agallie8r@123-reg.co.uk,VaacilJ,nthomasset8r
317,cinglesant8s@live.com,paMhTFtHVnsX,ngroucock8s
318,tkoubu8t@scientificamerican.com,GtStrnVG,htenney8t
319,igoom8u@jimdo.com,6lvI8hFt,rwandless8u
320,terskinesandys8v@dropbox.com,Ic7vX2RfwKYm,rshore8v
321,lcolebrook8w@vistaprint.com,a3MNvzrNj,smarven8w
322,gloudyan8x@sourceforge.net,KOaxxBwS,obarfford8x
323,cardy8y@tripadvisor.com,DPTOAamzKo9,jbrassington8y
324,dberisford8z@wikimedia.org,FfWSWy,nvonwelldun8z
325,nbrodie90@woothemes.com,wuRCelsgQX,bpegram90
326,sattril91@google.pl,UnYoCb,awoffenden91
327,tdivers92@sbwire.com,kGvVY0kyY,surlin92
328,lemmet93@163.com,fGGHJixr,tantal93
329,breoch94@techcrunch.com,Vq5vJsed,tleggin94
330,epashbee95@senate.gov,aBxGRnL4ptPj,amacnucator95
331,eatterley96@redcross.org,eRG1NJr,mdabbs96
332,msantello97@npr.org,8TYwVlN,zhagergham97
333,jlannin98@timesonline.co.uk,xqSIWwkV,acrayker98
334,rsysland99@goo.gl,HvWwDe,mogdahl99
335,dpatters9a@goo.ne.jp,XUyWjRqQ8X,bpatry9a
336,lbernot9b@exblog.jp,IyYiIGxnzlBR,lmartina9b
337,sbarnes9c@yellowpages.com,dyKEwunHFQb5,abraybrookes9c
338,rraynor9d@hibu.com,r6WNH1DKc,aformoy9d
339,ngregan9e@reuters.com,kbkMbBwFhCAy,myounghusband9e
340,dbertrand9f@facebook.com,4TvGxSl,bbrodeur9f
341,jway9g@ning.com,uFn3h7GYLi,adrayn9g
342,ralenshev9h@dot.gov,92AcKS,cconley9h
343,bstapylton9i@sciencedaily.com,RbQlRGC,divens9i
344,nwoolstenholmes9j@icq.com,wXU8lb3,tdownage9j
345,acase9k@apache.org,xw2Gy4,ewidmore9k
346,yblunsen9l@canalblog.com,iIwC0z,ehinks9l
347,nhuxstep9m@ocn.ne.jp,jKlUobJcTWjT,hwerrett9m
348,cgocke9n@purevolume.com,Ya0UHTqvXh1,bmcgibbon9n
349,jmackerness9o@ycombinator.com,0ybLxmhbd9g,fvanross9o
350,cscrimshire9p@godaddy.com,iBMxf8kzfNFk,golone9p
351,rshapero9q@blogtalkradio.com,kpf3qNNpC,srysom9q
352,vfairman9r@behance.net,nA9UP8CKp,hmaxwell9r
353,smacillrick9s@newyorker.com,448xhk78GLL8,thubble9s
354,nlaidlaw9t@tumblr.com,qyZOVr,cgreve9t
355,pgaratty9u@ucoz.ru,ZF9OyVDRoz,oadamczyk9u
356,dcranmore9v@dion.ne.jp,x7ky97WP,pboxer9v
357,mdegouy9w@tamu.edu,q5JIQZfoCQJj,ferwin9w
358,lmichele9x@multiply.com,3JYsSs1SGx,escotti9x
359,htapply9y@wunderground.com,DvbHK0,otennet9y
360,etoward9z@com.com,I5jYM1CV8,mwollaston9z
361,nlokiera0@cnet.com,Xx36HkM0Vf7j,bdaensa0
362,mgadda1@feedburner.com,Wv4M4yboaf,abrideauxa1
363,rgulya2@hubpages.com,OqzHl4NBz3Vv,skayea2
364,ucortina3@pen.io,mAGz6dv,fcaslakea3
365,tchurchinga4@house.gov,ZPzBYPEGlm2z,tgobbeta4
366,lmazzeoa5@deliciousdays.com,unDl90fj,mzoanea5
367,sfaersa6@wsj.com,Wal0ya,wjacobowicza6
368,odockerya7@creativecommons.org,JfuD5gEb,kmacmeekinga7
369,tgronoa8@pbs.org,2lY0mPJS,rhardagea8
370,nwagstaffa9@bizjournals.com,yz5zaY7Bw,heberza9
371,kleflemingaa@furl.net,B16CrO3t1Hk,cebourneaa
372,thalesworthab@ted.com,4jpRl0,josheeab
373,cpoulettac@usatoday.com,SA80d8QFRsA,amanwellac
374,bdollardad@cam.ac.uk,yOx3X6WKIM3,wgaskinad
375,mboundeyae@wisc.edu,xHB517nTBeX,jluttonae
376,btewelsonaf@soundcloud.com,ZNr8DgCxurFC,vcumbesaf
377,lagettag@hexun.com,wprZhTBha,qgiacopiniag
378,ogillespeyah@imdb.com,QyzK2jlNxm9,ctowseah
379,esmellieai@latimes.com,Vuu0KFSV,imecchiai
380,gbubearaj@google.ru,mcLl9twbNT,sphillpaj
381,dboeckak@usa.gov,2CgoGrJ,jwebbeak
382,mmcduallal@usatoday.com,8fSpcJMFL,rvenoural
383,sharsnepam@xing.com,s1CBwlWKq,caloigiam
384,nleinsteran@google.it,B6ALFqUNn,brathbonean
385,etewkesburyao@apache.org,6DJsMC9q1W,afrancinoao
386,rstringmanap@storify.com,Hc8kWIp,egossopap
387,jcrookshankaq@ustream.tv,ocgwnDZbG,mmaccardaq
388,ktaffiear@networkadvertising.org,JEwX6f,jgravestonar
389,hrobelowas@ox.ac.uk,ztNh1R,csheehanas
390,lpenninoat@instagram.com,u2TwN0hN,dpovallat
391,wtinsleyau@tinypic.com,IqKzMC43PJ,fgedlingau
392,mkulisav@forbes.com,CHf8YLDjnF2U,broughav
393,dboylinaw@shutterfly.com,7XZTZ1gdGJB,vsurgoodaw
394,bmacliceax@t-online.de,K9jMwdw1kDf,mharnerax
395,jsloperay@ed.gov,LWMWPOzU568a,mgallegosay
396,abrameraz@pcworld.com,M6Xq642VRN,fchecklinaz
397,zferrynb0@com.com,lM2Pfkm,fhowlinb0
398,rbatalinib1@wix.com,AekU2K5Vs,esteereb1
399,bmcwatersb2@digg.com,a22jJfm,dtanmanb2
400,zodgerb3@photobucket.com,Igvi3KuFwp8c,rhenkerb3
401,kbrahmerb4@tumblr.com,OjHrReKh,lbattisonb4
402,ibonib5@dropbox.com,p80B8jg4hapb,kpaschekb5
403,fgregorib6@shop-pro.jp,QJXYtbi,ckhidrb6
404,esimmanceb7@comsenz.com,1p5REDdW,ghowroydb7
405,testeb8@bbb.org,q1E5ldC3,phallanb8
406,mwoodruffeb9@alibaba.com,pzKgCvP,rrennickb9
407,wdodgsonba@apache.org,YT8djXGm,icoulthardba
408,pleddiebb@utexas.edu,u6J3PcWsDp,dpumfreybb
409,ssorrillbc@cnn.com,CDBzDXVJy1w0,rwheldonbc
410,hbettertonbd@answers.com,kze71Dt3t5rO,pkewardbd
411,hgabitesbe@army.mil,NYJ6YTUMVy9M,twitulbe
412,blyfieldbf@archive.org,nbU00LWceV,ksawfordbf
413,ysanterbg@e-recht24.de,GefE8q,lbullenbg
414,dtrazzibh@drupal.org,0TrrgrlU,bchopybh
415,rchevesbi@ask.com,UTe4TVhnYQ,fslamakerbi
416,dcowitzbj@blogger.com,bUedZRt8dX,ipestellbj
417,croglierobk@ameblo.jp,QquC58a2ct,anozzoliibk
418,abloybl@si.edu,oy8vY9fBayCg,umquhanbl
419,rgruszczakbm@indiegogo.com,H0SW18A,dwitcombebm
420,cmcowenbn@themeforest.net,cnPhmQmVAFF,xellermanbn
421,swrixonbo@sakura.ne.jp,UiSdnTj,qmurdiebo
422,lcullernebp@yahoo.co.jp,Wnk3WBNhnpq,rrobertetbp
423,bjephcotebq@instagram.com,CfX4PA,lsimoncinibq
424,mgodmanbr@ed.gov,WQJaIfQKLL2,gprinbr
425,cvanderhoevenbs@prnewswire.com,OFKFJgqS991,epatonbs
426,hlebrumbt@theguardian.com,EwhuNyeV,fmacparlandbt
427,aorgelbu@google.co.uk,8f2GlvFLR2,cchristopherbu
428,jginibv@squidoo.com,8lrIe6yf,hallcornbv
429,atolumellobw@plala.or.jp,Hvpe20k,hhowenbw
430,pmawfordbx@jalbum.net,L8oBiXS2g,mhewsonbx
431,scorkishby@utexas.edu,VOtA903gbkpS,rbielbyby
432,pruiltonbz@zimbio.com,j1edJwGhSsUQ,krawesbz
433,etappinc0@theatlantic.com,7SgGo1,ssprullsc0
434,jodeveyc1@google.cn,9ELp2Hlg,scompstonc1
435,ktallboyc2@webeden.co.uk,NXDW1yBltjUw,dlampartc2
436,mmundenc3@seesaa.net,SvUmHzUHZM,cheinlc3
437,aclemenzic4@meetup.com,8gOsMpEyAg,udeamc4
438,mmacgaffeyc5@scientificamerican.com,zNoVfJe1t,tdarec5
439,elillistonec6@drupal.org,pPFzrwAlGD,braysdalec6
440,hwellenc7@hao123.com,sn2RUiUgFC,nmomeryc7
441,pstrippelc8@ebay.co.uk,D7Ac0FHhgV,pkubasiewiczc8
442,ckleec9@altervista.org,Qw8Fsa,solmanc9
443,mrelfca@google.co.jp,TBT52wAdyZIs,zsellersca
444,rigoecb@bbc.co.uk,Qc1C1ePJh,emuzzillocb
445,rheintzcc@youku.com,t8UBKJ87Va,lkercc
446,jwonescd@ibm.com,YcNvJOB2LmL,adundoncd
447,fnaisbittce@bing.com,3gsTksRq,mdobkince
448,edanilchevcf@imageshack.us,Zj2eH5uc,hhydechamberscf
449,duglowcg@auda.org.au,wxGuWY,nspringhamcg
450,cbreckinch@psu.edu,Dccuk9,ffrielch
451,econichieci@cmu.edu,keAx13sJMO,smaylingci
452,aovizecj@163.com,VScihMFJdFh,tkramercj
453,gafieldck@ifeng.com,azY7xQ6sjKUT,hbradbeerck
454,smawdsleycl@harvard.edu,JCBwpXJs1PUu,ballixcl
455,cfokercm@businesswire.com,kyrl7S8qt2dE,bmathewcm
456,awindybankcn@discovery.com,DlxffQv89uW1,aanthescn
457,mbrewoodco@skyrock.com,IJNgOckk,vnizetco
458,mbackhurstcp@people.com.cn,WmSbuC,hshaptercp
459,tbrydencq@sogou.com,hRqbVxa,cfaggcq
460,jelletsoncr@fotki.com,gQkZNM5o,zmacairtcr
461,dduboiscs@lulu.com,klduGc6Idf,rwraxallcs
462,cspearingct@discuz.net,MIxfM6EvDqJ,dmcileenct
463,sgiraultcu@usnews.com,4V4eoYeSLBk,nreilycu
464,awoolfcv@webmd.com,DXa5YQpx9,jbyrchcv
465,dhollowscw@macromedia.com,FreS6VntE,mflewancw
466,vkelshawcx@facebook.com,1CWFppKWS,eswaingercx
467,cgathcy@ustream.tv,OCdnr1n,hgravenorcy
468,bgyrgorwicxcz@yellowbook.com,NrRierOg,rleprovostcz
469,jstrided0@1und1.de,Zctym4HtVg,egossed0
470,rtillsd1@ebay.com,iQwG6z,lnoyesd1
471,tmeod2@ftc.gov,EmFyWPs7,tbirbeckd2
472,klascelld3@craigslist.org,NRfnvNyWRCPO,ilaydond3
473,vkibblewhited4@elegantthemes.com,Lohs562iL3,eandreacciod4
474,gharlerd5@rakuten.co.jp,KiLfMMY3PkEn,cjested5
475,ciddensd6@ifeng.com,dX7jst7SbKXb,mlaborded6
476,agiand7@ucoz.com,csRs4S,gfochd7
477,ddumigand8@lycos.com,3N2JLvE,cmanuelid8
478,skenelind9@purevolume.com,gWl28YygUeRU,lgoltond9
479,priggottda@bravesites.com,UnOZNbmCMg,esoigouxda
480,bfennersdb@weather.com,IedCN1Mt,vmcveightydb
481,sbenzidc@over-blog.com,QZGAcXEOR,kgriffithedc
482,tchallicedd@shutterfly.com,SbfCjb2KRad,weldrettdd
483,ghurndallde@4shared.com,irQMMX1,ademangelde
484,sledrundf@liveinternet.ru,ugKL5tF,rkinchleadf
485,ghacondg@statcounter.com,ugd1au7gEkr,mhughlanddg
486,sblincowdh@abc.net.au,O9oMiDpv,trawlldh
487,golphertdi@tinyurl.com,WLgo57wouFgz,ffitzalandi
488,rbresnahandj@goo.ne.jp,pqxCJvm8,hsainsburybrowndj
489,idubarrydk@example.com,yJTS9MD2xV,aplattdk
490,jboltwooddl@delicious.com,QYa9pTBOnnse,svlasyevdl
491,vfurmagedm@unblog.fr,Rwi5b2s6yKt2,ndecourcydm
492,fvalentadn@scribd.com,8SwxGuJL,esnedendn
493,obarbarydo@reuters.com,Cn7VfKM9,ltowndrowdo
494,sbeachamdp@imageshack.us,F4GcqoaOjY8v,epickavantdp
495,vtreadgolddq@addthis.com,l4hCcvU4,nfigurskidq
496,kbugdaledr@amazon.de,rz1sIMb35rCF,aboylunddr
497,kprocterds@dailymotion.com,39zgVK,rclarkewilliamsds
498,awoolstenholmesdt@java.com,BZL3MCXJNPO,ffaveladt
499,sscannelldu@harvard.edu,yjswgOD2Vj,gparagreendu
500,dballsdv@howstuffworks.com,ZiCJgd64lY,tbyrkmyrdv
501,aumbersdw@google.ca,iwYld6lk,sharrowingdw
502,kkennealydx@japanpost.jp,DITSfqY,tschierschdx
503,kmccalumdy@theglobeandmail.com,KxUVdxCw,dcastanhody
504,mettydz@whitehouse.gov,tD0wL3zLbbMJ,lscholcroftdz
505,dprescote0@mashable.com,uGzMrjcc,ndemongeote0
506,ccrippine1@imageshack.us,P3VSk8ns6Zy1,cblackmuire1
507,dgrogere2@ed.gov,ltgkGV2IFtAd,cransteade2
508,jsprowlee3@ezinearticles.com,nV48s3dc,scurwoode3
509,ccrosstone4@japanpost.jp,sKC49okIZ0,cdezuanie4
510,tdelhantye5@huffingtonpost.com,ca5GdFF,lpoundere5
511,lwigfalle6@weather.com,r756JTd3Yx,hsandisone6
512,tmosese7@chron.com,SuMUiUk,cdowglasse7
513,dovitze8@usda.gov,2R2vZf53,ecarlilee8
514,feldredgee9@shutterfly.com,BMoFnjnjv,blanslye9
515,dcarlyonea@xing.com,g4onYYs3,mashbrookea
516,bswineeb@csmonitor.com,GAACtmtSxcUK,alyptradeeb
517,tmathyec@loc.gov,1ZENlCT6IzuU,afifieldec
518,dhilleyed@ed.gov,Mf224qdo19,tdecruceed
519,twansburyee@pinterest.com,veldIOO,bpeyntueee
520,nmartonef@studiopress.com,IxnSFuIiiLsq,mbuzzingef
521,ecrofthwaiteeg@free.fr,3s901GAl8Wv,kculletoneg
522,mnappereh@usda.gov,sGuj4XWb,bbonhilleh
523,apurshouseei@bbc.co.uk,wgTaoY,ajayeei
524,ebutrimovichej@bbc.co.uk,jcTND3M,sextalej
525,araycroftek@wikipedia.org,DkjQCBbJi3eT,bosorioek
526,wgarricel@surveymonkey.com,QFYGhgKkCyM,bwiskarel
527,loscanlonem@sfgate.com,5PqDidX,fdorkinsem
528,tfontesen@hexun.com,G89d9p9ixjI,mmcimmieen
529,jmcmeanmaeo@ca.gov,BA2HdkQdz,senrigoeo
530,lfoggep@army.mil,XaRR0qkU,csammonsep
531,jardyeq@taobao.com,qquNSDiEh9nT,lbasireeq
532,rloiseauer@mtv.com,XG60OuoA3gU,icromerer
533,minfantees@about.com,GyQaDjQ3,nlippettes
534,zstatherset@storify.com,oHvcFqxBPnu,tvongladbachet
535,sbrunetoneu@alexa.com,LE1LkCkL,apalphramandeu
536,dlansleyev@feedburner.com,TFY75u,apercivalev
537,gcotgraveew@prlog.org,NE3GCFat,mcallesew
538,klingnerex@psu.edu,D8tLbvWeSVl,eturpeyex
539,kbremmelley@spotify.com,v6VA8K99uKu,cdibiaggiey
540,lshowlez@scientificamerican.com,LiWYP3m,achaveez
541,dwillmettf0@lulu.com,XTpLRACKW,ntynewellf0
542,rdawf1@1688.com,x62A4Bg3,ecalveleyf1
543,jsybbef2@gnu.org,xXXKhynBiDc,ebaynhamf2
544,ddomenicof3@archive.org,0tNmbwzf4,sdunkleef3
545,fkybbyef4@noaa.gov,3UMqA3x,rcridgef4
546,sloblef5@mlb.com,vNj9rv93,jpettipherf5
547,hbolsoverf6@dropbox.com,Xa6K1p,mlegueyf6
548,hmacinerneyf7@xing.com,KGBLjhs4Q9m,gsonf7
549,kguerrerof8@theguardian.com,kJXdOPYPi,qfacerf8
550,mwaisonf9@dot.gov,3tGdBQ25,djantelf9
551,chadlingtonfa@whitehouse.gov,DNG8YeRO,gfannonfa
552,gslayfordfb@zdnet.com,gum86DCN,ewydfb
553,cspiritfc@technorati.com,te95DwCp0,omahoneyfc
554,rhaselwoodfd@wordpress.org,Exb040XzsG,dkondratyukfd
555,sbrickettfe@elegantthemes.com,J2zXdXhLW9ZG,mneatefe
556,vmackiewiczff@ca.gov,yveR3nNI,eweedenff
557,ndenerfg@posterous.com,gMV28E,imaseresfg
558,egreenrodfh@deliciousdays.com,8r2fysyFxsa,jmarinerfh
559,bgrinstedfi@seattletimes.com,VdNzzOOqj4,rlassellefi
560,eoshevlinfj@fotki.com,AEeJo6ZZk,dfeedhamfj
561,cnijsfk@last.fm,cjPRd6gLXb,ehaycroftfk
562,njobeyfl@godaddy.com,pbwjXNkw,efikefl
563,tparrotfm@macromedia.com,GVNUlhyzIr,tferrariofm
564,kgottfn@aol.com,50SVOa,mfancefn
565,rfrainefo@eepurl.com,DICuXCs,lmarinerfo
566,wpritchittfp@state.gov,BMN3C6SDt8V,aspirrittfp
567,bgresswellfq@twitpic.com,wS2RApv,gcastfq
568,bpettofr@blinklist.com,xZGSCUii1Y,gbogaysfr
569,ldunthornefs@ucla.edu,h5ytE0,vmannionfs
570,bkingerbyft@cocolog-nifty.com,gFS7anu,ctominift
571,jdeavallfu@ovh.net,9wBCpgVPtgN,rlukinsfu
572,gblandfv@ibm.com,Mp1GgNs,tcheesemanfv
573,jriplyfw@xing.com,E3d5N1UWuAPk,zstoppfw
574,mmcinultyfx@cpanel.net,wWkMnrRdxJ,abennfx
575,cposerfy@stumbleupon.com,h0C80mgJy7u,cbonnettfy
576,mcornnerfz@delicious.com,DTtLcZ7n,bantunezfz
577,kantoniakg0@usgs.gov,8Vy1yo0fOe5u,sfarndong0
578,kofairyg1@skyrock.com,GrlmNe,jtaaffeg1
579,bgiacomozzog2@diigo.com,4AqRRiAkF50u,gsarfatig2
580,spotteridgeg3@yahoo.co.jp,kXRZixz,kboichatg3
581,rasting4@loc.gov,tlfCodJm0xJ7,ksharmag4
582,gemanuellig5@joomla.org,DGZLbXXisyZ,lschroterg5
583,cregelousg6@adobe.com,LbXFdSQz,vlorkingg6
584,cleathleyg7@home.pl,MKZFY2ov3kd,sarthursg7
585,jcolbrang8@timesonline.co.uk,IpR4ZcUc11,boreillyg8
586,rpoulterg9@facebook.com,vOFQwFv,mswinnardg9
587,pkeddyga@discuz.net,4dAAFwJ,rstallybrassga
588,rgutridgegb@vistaprint.com,7u4bhEPwr3ow,lmoseygb
589,kmattersongc@examiner.com,cjrWvBZeBzg,imorridgc
590,treichardtgd@marriott.com,xwlz4uS4D,ktancockgd
591,aharmestonge@state.gov,4COxu1Abz,cginnalyge
592,smoncarrgf@admin.ch,ofxIGzEc,bdesbrowgf
593,lkenrydgg@ihg.com,yEoaOfqlP,bnazergg
594,kmatthewsongh@barnesandnoble.com,D1KSbfaOj,tberrimangh
595,awyntergi@yahoo.com,vzItxSPBcl,kleytongi
596,jhradskygj@bigcartel.com,A7ZaMUYitMaN,sredshawgj
597,ajeandelgk@ovh.net,6Y5K4Fb,fferencowiczgk
598,mseeleygl@marriott.com,00tBfgRITz4,lforstergl
599,jgelderdgm@printfriendly.com,oS5dfSY,ddrennangm
600,mmoinegn@lulu.com,dhVX1J,jsagegn
601,gcolliego@yale.edu,fD0mv6R,vhaddacksgo
602,punworthgp@ucoz.com,DFgQCi37HpWY,kshewrygp
603,vchethamgq@live.com,ZuWbJ6csuvRk,theffernongq
604,hhamblyngr@zdnet.com,fQFXiO8jo,tstattongr
605,fbrydiegs@vinaora.com,sQCqgMw,bdoringgs
606,swellumgt@auda.org.au,2ijxyn,jemmetgt
607,thardikergu@ihg.com,Vu5TxmDQ1,fingarfieldgu
608,awhitelockgv@people.com.cn,T93jSadDQB,smuldoongv
609,eshimukgw@patch.com,NUZNPuNOSR,dlapidusgw
610,mpogosiangx@techcrunch.com,r1okTYRF,jwyattgx
611,greaveleygy@deviantart.com,hQ9uIiy,cgiovannaccigy
612,dglossupgz@archive.org,hw1A4TtSEF8,adederickgz
613,gstocktonh0@so-net.ne.jp,4WZ1YAu,fgrandissonh0
614,awhytockh1@spotify.com,p4R0m7d,vkleinholzh1
615,mkienzleh2@vk.com,qym8rXL75,acroalh2
616,crudledgeh3@edublogs.org,3iNnfZk,ahuddarth3
617,istuerh4@mysql.com,ztXosTF,byemmh4
618,uearpeh5@moonfruit.com,TYPoZhJig,mdartheh5
619,slumbyh6@noaa.gov,x6MkE60D8oB,dmacnaughtonh6
620,bgarraltsh7@nyu.edu,wwRolDaGYDaI,pkeppelh7
621,dfluinh8@virginia.edu,9t9SsB,lshawcrossh8
622,jaspeyh9@usda.gov,vqExIYS,mcowinh9
623,ewilliamha@uiuc.edu,vSAqlg8r5F,gthroughtonha
624,tchilverhb@nih.gov,7EKm2yY,ependockhb
625,dfetteplacehc@infoseek.co.jp,I3LG0eIHrYfF,gcardenashc
626,esteelyhd@mysql.com,RkDJo47rvuS,lvalslerhd
627,msherryhe@ow.ly,RJ0tdnrAsOgX,aduddanhe
628,ncushellyhf@clickbank.net,j1FPP7,dellwellhf
629,cshoveltonhg@who.int,3fWxISP,mhetterichhg
630,lpabloshh@nba.com,mlfRhU,gsharratthh
631,rlabrenzhi@ca.gov,8pzsmzels,cdilrewhi
632,idavidovichj@state.tx.us,LAnqj342,rlarderothj
633,mworgehk@cam.ac.uk,vtzypkn,wsegoehk
634,mbarkshirehl@goo.gl,0BOzbw6ru,wfarleighhl
635,rgileshm@ning.com,G9VG0uj,rgarbutthm
636,balgeohn@redcross.org,Mn7XgRb,delcockshn
637,fhawketho@nih.gov,LnOdplYC,ulerganho
638,amordonhp@timesonline.co.uk,jPJqk0,lritsonhp
639,aramsteadhq@e-recht24.de,gcg3rsdu,mlillhq
640,rarmourhr@craigslist.org,jNwxohR,abernardeauhr
641,cdoughtyhs@google.co.uk,yB7Dd8YU,ciwanowskihs
642,btaleworthht@wunderground.com,LM2by3x,lwardlawht
643,lbrugmanhu@nbcnews.com,eidbhf1htcw,vhosburnhu
644,yhurleyhv@parallels.com,EXhSCawAOV,lthwaitehv
645,rdalbeyhw@example.com,ROFWGu6G,frivitthw
646,dadawayhx@edublogs.org,985uPPv5,aduberyhx
647,clusgdinhy@bloglovin.com,KcL1wwXPgK6U,adrillingcourthy
648,bouletthz@hostgator.com,UOWh5TZbD0,awhitinghz
649,abeachemi0@dagondesign.com,iL45ItxfCh,ebartolozzii0
650,csawnwyi1@webmd.com,Yf0cpV4a8TOA,gwayei1
651,obarlthropi2@whitehouse.gov,QVfpQS85,swhertoni2
652,rmcgaraghani3@wiley.com,QEBOtd,gmcalesteri3
653,dbeacocki4@dailymail.co.uk,FBG4fhtg,jwinsparei4
654,kfarquharsoni5@usda.gov,CJkkkzIY,cdeeryi5
655,aclimari6@sina.com.cn,TwdfVWL,manneyi6
656,icorteri7@blinklist.com,0KMUWW,cbeanyi7
657,aghidinii8@usnews.com,cXM4XGExA,bvalintinei8
658,fwestmani9@who.int,8DU9s0,hbollei9
659,kleseria@discuz.net,aDwJ0VS2h,hlyonia
660,ooaklyib@ifeng.com,cwq7OpmLQTZK,afetterib
661,klesekic@webeden.co.uk,nCVlzapJORq,babsolomic
662,wfowdenid@jimdo.com,UbOhK6Xi,vdunkleyid
663,bcrosierie@zdnet.com,zQ3nTuK4OUv,nshimmanie
664,anetherwoodif@squidoo.com,XQ1Lnil,zgirardeyif
665,cczapleig@google.pl,pXnZc0XMdlp,epeacopig
666,ceathertonih@aol.com,rB0MGV,dferneyih
667,aleylandii@blog.com,ajklKQMPOah,jhousecraftii
668,fhutchasonij@addthis.com,PFMoNQOSC8R2,fgwyerij
669,choysik@slideshare.net,MPBDfv2d,fheindlik
670,rsargisonil@intel.com,P6fJ6k3c,mmaberil
671,dgebhardim@aboutads.info,6x017v,jsallingim
672,kantunesin@desdev.cn,9vMYQJPHLR,lvanniin
673,egoodfieldio@deviantart.com,SDyvxXvUH4D,ksimounetio
674,cbirdallip@vk.com,PoHxUmJZ,fhammondip
675,jmulheroniq@yolasite.com,hKifTod,ibarrieiq
676,mpinchingir@plala.or.jp,RaUcqPgEJ4C,rtwineir
677,abittlestoneis@artisteer.com,3U9kG2St3lQ,lgibbyis
678,jperuttoit@bandcamp.com,G8HbT7,mblackborowit
679,scrocroftiu@irs.gov,VyXkwLi4aS1f,cbrahamsiu
680,gderingtoniv@ehow.com,HpGHdEt1GL,jhunnawilliv
681,glarensoniw@bloomberg.com,Zre65FLkI8,kclaricoatsiw
682,pknuttonix@adobe.com,rgrnunqvY,rbortolomeiix
683,kmollittiy@upenn.edu,ilbjV9,amurleyiy
684,dtownleyiz@unblog.fr,2fIb4cPMJ77,kdepkaiz
685,orumseyj0@lycos.com,9GL8aQxXt,tsappellj0
686,rskoughj1@linkedin.com,ErlhaE,sfogdenj1
687,vscolesj2@squarespace.com,b6VLqZkK3A6J,igarhamj2
688,gkohlermanj3@washingtonpost.com,fAiiDOk6,dmariellej3
689,llipsettj4@cnn.com,RlPN9ARmtl9c,nscoginj4
690,amarusyakj5@irs.gov,4TzUbvb5dch2,grentollj5
691,aperonej6@shutterfly.com,CcGiP1WA64h,klarriej6
692,ckochj7@printfriendly.com,hNCi1VbR,mlappinj7
693,kraubenheimerj8@youtu.be,VPCsayLz6q4b,crodrigoj8
694,mzoppoj9@cafepress.com,0zK5T6nfokui,ahadgraftj9
695,rchesserja@cisco.com,zbxwM1,jgillespieja
696,rspalljb@bigcartel.com,yiKsQ9AMk0NR,esorojb
697,pbretlandjc@apache.org,vOy1QjJSRQK8,mgothliffjc
698,pdohmerjd@tripod.com,TAVVNtUWsT,fhaughanjd
699,sislesje@github.io,dyZKoR3I,lgrimsdaleje
700,mhansberryjf@fc2.com,por7RRl9vXb,cbyrcherjf
701,fyearbyjg@timesonline.co.uk,YmiEWtoygrA9,mtileyjg
702,msimlajh@baidu.com,UXkt2JGKFS,rargontjh
703,eshillumji@usda.gov,xAJgjdRLMvtF,adreiji
704,psanthousejj@theatlantic.com,eG6jaMk,dchadjj
705,emulhollandjk@tinypic.com,VUDff7InCLE,sholliganjk
706,jfretwelljl@tmall.com,MYV6hB,stowsiejl
707,ahamsherejm@slideshare.net,F7uxFL3qVZ9K,fdownejm
708,aprewjn@sciencedirect.com,MZwZWsSX9W3,iheyburnjn
709,vmortjo@macromedia.com,gZwUQVW,dhannjo
710,lferrerijp@lycos.com,4qYWdJMONrj7,dpauntonjp
711,vdayshjq@miibeian.gov.cn,mqek5j9,itomblingjq
712,bhuiejr@uiuc.edu,2Lh66zJK1d0Z,afellibrandjr
713,vhabbijamjs@nature.com,T5GVE6zfiv,tparcellsjs
714,bomarkeyjt@mit.edu,VfJ09aRyKa2J,tdenisyevjt
715,ctrottonju@cpanel.net,N97Of6RwQ,gcarlissoju
716,jhannabusjv@smh.com.au,WTlJfHZWLPGy,mmaxwailejv
717,jcotterilljw@nasa.gov,9UztJCv,tdibiaggijw
718,sfaustianjx@myspace.com,NFmobO,lmartensenjx
719,edamijy@liveinternet.ru,SLmeRZsMq,efilyakovjy
720,cterbrugjz@ibm.com,U8AVJ45lw91V,dvoulesjz
721,admisekk0@netvibes.com,89gWv8Z91,ocollisonk0
722,lmaymondk1@e-recht24.de,cxV8fRgedBW,dsiggensk1
723,kstannusk2@imgur.com,msakM6QSkc,hbutk2
724,tthebeauk3@buzzfeed.com,HNMiRk5yyo,sdrackfordk3
725,jlidingtonk4@google.ru,KVR3QhM8b,cdaglishk4
726,jmccaugheyk5@123-reg.co.uk,n3rg9QSq,scablek5
727,wrhubottomk6@feedburner.com,vAKeA8gfw,hbackhurstk6
728,tdionisettok7@nsw.gov.au,eANdSe,ksheardownk7
729,lteasek8@digg.com,p9X198jZ8w,djouannissonk8
730,cballardk9@alexa.com,9hNmPZIfe,vrodsonk9
731,edisburyka@ifeng.com,3URyWmA1zWrJ,ofarrearska
732,yiacominikb@ebay.co.uk,J833Rsv6x,lcumminskb
733,dfontelleskc@nasa.gov,IBPgWd80qgMD,ufeasleykc
734,afoulkeskd@whitehouse.gov,TgL6wFDLNX2,pmullaneykd
735,sconcklinke@trellian.com,pVWfuD1ZtTBj,tgisburneke
736,idemicolikf@squidoo.com,rL2nHA,cbolsteridgekf
737,kbrimblecombkg@aboutads.info,6fE5XZyJgT1,adoulkg
738,osyderkh@posterous.com,QYshljIR3hl,wheiferkh
739,vcorhardki@spotify.com,gZwq67Ht,mgrosvenorki
740,gricardskj@uol.com.br,CHdwVJD0t,tmarginsonkj
741,szamorranokk@behance.net,fGWefm6fwY,cchalleskk
742,lbirkwoodkl@microsoft.com,aMZr28VcqCQ,lgiblettkl
743,qradolfkm@biglobe.ne.jp,0fOhoDpAdK3w,mraubenheimkm
744,gpassmorekn@ted.com,ikILvjXK,tcrallankn
745,jbradbeerko@arstechnica.com,bMslCfxD,apaolettoko
746,gheadfordkp@twitter.com,SxyWqsQzuv4,ahillockkp
747,mshuttleworthkq@simplemachines.org,KJ5HO3CT3Tk,mmcivorkq
748,jmawkr@craigslist.org,iVkp1OGdGR,amcmarquiskr
749,kfairleighks@mayoclinic.com,W7xxRqC,tblewmenks
750,ndomonekt@123-reg.co.uk,KSxCUrplYkg,mmuckleykt
751,lmartinsonku@ask.com,nFLy9ESla45,talenovku
752,smaccostokv@census.gov,LAjXjBm,aosmundkv
753,jashbekw@godaddy.com,f4JujI,wdjekickw
754,bwasmerkx@moonfruit.com,ky3JH7uV7ny,sbricknallkx
755,dadairky@state.gov,Y0kVLbWgnl1X,toagerky
756,blyngstedkz@admin.ch,C0ilCYqZL,gslessarkz
757,wplanquel0@webnode.com,AVzj9W0mjKtM,achalonerl0
758,gwoodisonl1@wired.com,jmp8i7xEExD,mkenworthyl1
759,teckhardl2@networkadvertising.org,ph2hz4ttE,sstoodl2
760,achattelll3@twitpic.com,p31Co71EzNq,isnowmanl3
761,bolenechanl4@sphinn.com,56gPVN,prymilll4
762,gcucksonl5@tripod.com,FOFCGkl,mkrolikl5
763,ijovanovicl6@paginegialle.it,dP1lhd2qW,nmcguinnessl6
764,dharbisherl7@shinystat.com,eBBdhymuukH,ttowrissl7
765,nyurygynl8@businessinsider.com,ba366b,iwranglel8
766,enickersonl9@scribd.com,1zOiN742kJ,jhamflettl9
767,cboysela@odnoklassniki.ru,Yeu3DDEdjPz8,irylesla
768,jallcornlb@sciencedaily.com,aU6Xt4xdo,swyethlb
769,mhabbonlc@ow.ly,eeq8giCon,kkyrkemanlc
770,icordeuxld@unblog.fr,v0FMEjsPd,eingarfillld
771,svondrachle@examiner.com,Lk7ZhTSmDz,msuerole
772,iaugurlf@howstuffworks.com,If0ueaUo,wgerreltlf
773,slambertolg@shop-pro.jp,fC4XSG,vredierlg
774,hpeterslh@sakura.ne.jp,gujTBndbCU,cbeetleslh
775,bcrichtenli@dedecms.com,tMbJuMXEsiLm,ajobli
776,jmartschiklj@usda.gov,wYXZ9WcUzS,fmarcolj
777,jflamentlk@who.int,wuBIdYrM,thellicarlk
778,lkohrdingll@tinyurl.com,lfsaieiiN,lbonicellill
779,ckaeslm@addtoany.com,8RwEk5h,fdybaldlm
780,dguilletln@techcrunch.com,hW1T6N6cL,nfaroln
781,clorenzettilo@reuters.com,1PBh0Jaukdt,mcalendarlo
782,mgoslandlp@ycombinator.com,0Zd804q2zT,imcguirelp
783,eumbertlq@diigo.com,2zOAnO,amanthalq
784,ngreeplr@pbs.org,aABTIdw2fgx,cferrantlr
785,bshelfordls@github.io,9EZx4RZDx,ebumpasls
786,creadmirelt@cbc.ca,WBYaNuez,ahansonlt
787,cgawithlu@msu.edu,nb8p9k4NquD5,clehrlelu
788,thucknalllv@constantcontact.com,c6FnDR5t4Be,flaimablelv
789,sduerdenlw@salon.com,GJYNUvzjC8jl,pwanderscheklw
790,sswaitelx@vk.com,tRP0uMocyr,rioriolx
791,jciciottily@wikia.com,QokL09n,efanely
792,chairesnapelz@about.com,xUA7j2z,bcrowcumlz
793,rjimmesm0@wp.com,ZitDk6m,hluebbertm0
794,gphilippem1@ning.com,WlM43no,jgullefordm1
795,smapledorumm2@sourceforge.net,zUN4jo4A0N,akondrachenkom2
796,esuddockm3@youtu.be,74wHKqUvpkN,msandym3
797,jkingsmillm4@mlb.com,9vambb,owingatem4
798,cwarehamm5@cbsnews.com,MI2d1KggTv,mprestidgem5
799,ofrostm6@people.com.cn,mVlx02YLNmKM,gcrantonm6
800,nelliotm7@elegantthemes.com,FDIPRcB,alumsdallm7
801,hbowdenm8@yelp.com,9ebCco3svAc,brustadgem8
802,mscrimshirem9@facebook.com,Qphmsjgiz9cJ,swillavizem9
803,dstratleyma@earthlink.net,JghzrOC,mhansemannma
804,bmoscropmb@vk.com,VffHv9Mdd3Y,bhartzogmb
805,areublemc@mit.edu,zI9dKH,lmawmanmc
806,phaugermd@elpais.com,y00DhyHiMi,cstannusmd
807,cquickme@oaic.gov.au,fEGmOqAja,rmelbertme
808,mhrynczykmf@va.gov,KyJAlP2iUL,mpomfreymf
809,isizlandmg@vistaprint.com,v5Ri2B,malliotmg
810,smacdunleavymh@addtoany.com,8TsXb2oW,kcardomh
811,spleadenmi@facebook.com,f5px6vi5y,mbroszkiewiczmi
812,emattacksmj@blogs.com,vVyAepNbzBnd,zriochmj
813,mpenwrightmk@stanford.edu,46ttdHX7m,averlandermk
814,jcorringhamml@sbwire.com,do2OiB,bwhopplesml
815,jaslingmm@meetup.com,rga3SKl,cvowellmm
816,edingwallmn@webnode.com,cLgtdKYE,ahawkettmn
817,myorstonmo@seesaa.net,9jc8ISVP,esayermo
818,rcarpentermp@facebook.com,AYMCHlDAMKNv,kandrysekmp
819,brookmq@bluehost.com,DMQgUeu2u,cceelymq
820,gsummersonmr@hugedomains.com,PgRFSjai,jgeemr
821,jbrestonms@devhub.com,Kfsdq3dF,mwalshems
822,apassomt@slashdot.org,pn6beW9O,srogeonmt
823,jheakmu@salon.com,TInwqRaGXTW,sfateleymu
824,rdelaceymv@trellian.com,KHGJtF3xM,rrunseymv
825,bcruikshankmw@t-online.de,Ll3qRLrv,jdmisekmw
826,sgowlingmx@google.fr,SlPUxogZQ,acowderymx
827,sbluschkemy@mit.edu,THDRpCku7Br,srultenmy
828,nbeynemz@sakura.ne.jp,U179xwVYB,ltrittenmz
829,selbournen0@phoca.cz,fM2pTZIAX,twhitebreadn0
830,idederichn1@npr.org,8a1ywlSg,jwishkarn1
831,kliesn2@cnet.com,MgdgYt09w,aslanyn2
832,jlongmann3@creativecommons.org,Ptl6Ilz2,umcilmurrayn3
833,cbagottn4@hostgator.com,KikYxCvFva,cgoodhewn4
834,pcrosskelln5@1und1.de,vp31hHJ,bpantlingn5
835,rstrudwickn6@csmonitor.com,a3fYx4ocoO,mdennertn6
836,zwatmann7@wikia.com,XJiesSM6s5t,jwybornn7
837,klipmannn8@hp.com,WspunhB,lforstalln8
838,hsidwickn9@baidu.com,AZtL2d3,hgrevilen9
839,wmaccrawna@fastcompany.com,1yHub5,sbedbroughna
840,gaseynb@photobucket.com,NicP2Zsi,cgrabbannb
841,ncollumbellnc@telegraph.co.uk,OmLWxcnz,kleppingtonnc
842,kleemansnd@zdnet.com,6UbxF6mB,bbraxtonnd
843,awoodwinne@people.com.cn,jcznS9xes9MG,aschukraftne
844,hstormouthnf@fastcompany.com,WS6328fo,aquestnf
845,kogleng@tmall.com,8h90iBc9wD,gcapstaffng
846,rlefwichnh@lulu.com,I8DMmrjRqL,njikyllsnh
847,ksimoni@wufoo.com,0KFDgosf5C7M,ntookeyni
848,fglennonnj@google.com.br,faEGDNAbb,gcuretonnj
849,hhalfpennynk@wsj.com,AZ35pIH,gklousnernk
850,mvasyutochkinnl@photobucket.com,EueQhDnUk4o,rlegionnl
851,ldrakesnm@usatoday.com,vBhmRSR,kdarbonnm
852,dcatanheirann@google.ru,UapZLDJLQ,llondernn
853,mdurstonno@photobucket.com,hUc1Ibe,rchristoffelsno
854,bmoultonnp@fda.gov,Buk9xIdo2,aflawsnp
855,mfitzsimmonsnq@tiny.cc,l2mobiDXJ,lmcwhinnq
856,usorsbynr@wufoo.com,6A26wBTUpSJ,nfisbeynr
857,ykeninghamns@privacy.gov.au,uqqNNiSJI9we,zgimletns
858,ejodkowskint@foxnews.com,MldhesXrSvoc,ksilberschatznt
859,pdombnu@dagondesign.com,SvI3ys9NRz,rmcginnisnu
860,dburthomnv@cam.ac.uk,De9McLUqC,gmccrearynv
861,coldamnw@unicef.org,8EFRG8gVJL5J,dschapironw
862,mspringthorpnx@squarespace.com,viIFT6M8,klossmannx
863,mglynny@photobucket.com,QsTrsg0QUom,ellopisny
864,cwastlingnz@unc.edu,GGMqjw8SINV,apettiwardnz
865,tlundbergo0@answers.com,Zwg30F,umckinno0
866,lbraveryo1@bloglovin.com,RYLtmL92yHI8,smorlingo1
867,eheseyo2@jigsy.com,yPBP1PE,dsteanyngo2
868,tstreetingo3@state.gov,KJRfmef5XSRw,ndundino3
869,astutardo4@photobucket.com,GVQLi9kNfz2,npoo4
870,mlongmano5@tiny.cc,IkFRACw8m,tdelicateo5
871,jsleanyo6@gmpg.org,jtJFHsmyM8,apeerso6
872,ikalbo7@sourceforge.net,Exy09vrDXBF,nlarvero7
873,rbraggo8@elpais.com,hjyPUU,ocesconio8
874,bboyntono9@redcross.org,jFE1hS,lmacvayo9
875,jseaversoa@a8.net,xS81CPg6,abattailleoa
876,nboffeyob@berkeley.edu,6QTKqBn,apetofiob
877,ttottoc@theatlantic.com,0uaXuo3,jvaudreyoc
878,cforwardod@intel.com,z1hfXJcxRxjl,gjanousekod
879,bbremondoe@amazon.co.uk,8maxfCRpxjvo,bdarnboroughoe
880,ltuffeyof@ifeng.com,uzfSFG1ADbg,jmoseleyof
881,njerischog@hao123.com,9x3AM7W9lSCI,agaleog
882,vgeeroh@google.ca,ttjMlBGNA,tharlingoh
883,mtereseoi@eventbrite.com,7iAwWlbODg,dgalletlyoi
884,ccromptonoj@mtv.com,SPHC8fkWANgL,mdecayetteoj
885,nbowlandsok@wix.com,xm00aN,lgumaryok
886,kprestlandol@dailymail.co.uk,MLWjmkX7jHW,aarbonol
887,rrapaom@wordpress.org,GKdABALhP,dbyssheom
888,sthyson@furl.net,YiaehJw7r4,gmclleeseon
889,dcreanoo@engadget.com,etVY444cvFaE,khucklebyoo
890,mfareweatherop@parallels.com,QqFb3Vpn3rB,jbetjeop
891,mfelderoq@businessweek.com,dok9Y1aT,amuggeridgeoq
892,ebaumannor@adobe.com,k7adjFEq6KAV,fhansleyor
893,pwookeyos@typepad.com,5fQj3DiYG,vdignallos
894,idoumicot@slashdot.org,PIETf39rfY,lgreslyot
895,jnesbittou@github.io,JAkk4DWAFZSM,pespinasou
896,eblaskeov@yellowpages.com,ZKepd8,mbarnettov
897,jlewisow@usatoday.com,MmV29Vcb1,athrelfallow
898,vbeggiox@bloglines.com,qC4ameGpVJ,llanonox
899,ariveoy@pinterest.com,T29uvY2uF,cchillingsworthoy
900,loswaldoz@weather.com,VyJdwDgR63U,hreideoz
901,gjordanp0@woothemes.com,xWFcLlE,mbyardp0
902,nmcmichanp1@pcworld.com,WmwIwN,mitzkovwichp1
903,cmcaulayp2@hugedomains.com,xSswNYmeY,rbowkerp2
904,svestyp3@wiley.com,xTP8b6VB,rmaclaughlinp3
905,tsimondsonp4@jugem.jp,A3QU4FQV8bcY,lbottomsp4
906,sguerryp5@hubpages.com,il8R9S2YUAU,aveelp5
907,aworboysp6@fastcompany.com,LLPCOjY,cguardp6
908,crichemondp7@godaddy.com,92Q0PJw0,tmackennyp7
909,tmurdochp8@springer.com,PpPvyt,mdrydenp8
910,tgallagerp9@4shared.com,X2dwB77h,gkayzerp9
911,saaronpa@mlb.com,IZfP4FIXM,cjakubczykpa
912,tsolowaypb@canalblog.com,2fVjahO,daseypb
913,tlatorrepc@microsoft.com,VQTwLlxK0F8,mdensellpc
914,ajirucapd@businesswire.com,IBZElPu8P0M,jtimnypd
915,rtabourpe@nba.com,9aHOXirbf,aboissieuxpe
916,eruckhardpf@privacy.gov.au,5MbMkVxLCRc,fsketchpf
917,vgascoignepg@deviantart.com,P9CNps,squigpg
918,fbaserph@tumblr.com,CTOHmmm1Wr,apabstph
919,rdarlowpi@google.ca,mQx7Glxi,rlivermorepi
920,chourahanpj@example.com,PRGMqaD8o,sdalmonpj
921,ldynepk@gravatar.com,GI4ZnTPX,pashburnepk
922,mcookmanpl@ehow.com,9NQQ4Mz,linnocentpl
923,khawksleypm@youtube.com,KZELTGExiPg,gwilshirepm
924,stetfordpn@hostgator.com,AvKMyHJ,jpaulillopn
925,lmcguckinpo@usa.gov,IqNISvcPkSgb,kkinworthypo
926,cambrosonipp@newsvine.com,gFkOGD,dtowsepp
927,wgreendalepq@walmart.com,VtF5YRpoXq,jthridgouldpq
928,ccleariepr@shutterfly.com,wzkJunoUFYWw,lgatesmanpr
929,tpantoneps@printfriendly.com,ZocHzt,gstellinps
930,sbaughenpt@constantcontact.com,xMo7lk,ffoldspt
931,bgreeninpu@blogger.com,PJqcrXA,rerangeypu
932,dsyderpv@hostgator.com,zFJRgCZXueZ,mdellascalapv
933,vbutterickpw@wix.com,6bxzYI6,khoutbiepw
934,jmiskpx@home.pl,EbinJLK0fpQk,rskermpx
935,mhayballpy@google.nl,TVTWOc,jwithnallpy
936,yeskellpz@naver.com,KwHo8SFW,gflecknesspz
937,smackennyq0@tinyurl.com,hTA5Hz,missacq0
938,ehammerq1@51.la,yLkRhGHO,glosseljongq1
939,ereadheadq2@dyndns.org,7A5BANEni,kkupkerq2
940,vbarriballq3@mashable.com,esmKTS6UTxy,edomeneyq3
941,skochlq4@newyorker.com,Kx2ApbVp4vvl,favrahamovq4
942,adeareq5@nydailynews.com,xQrmSdC,ddaringtonq5
943,mmackerethq6@weather.com,kLQIez,glyburnq6
944,bportamq7@time.com,dFb0vqC,ahadgraftq7
945,ccarlawq8@intel.com,53kH0OKHSyD,rmilanq8
946,ckrzyzowskiq9@ehow.com,N33TWzoHYa3R,dmcgrayleq9
947,ctolchardeqa@blogspot.com,r6Pxbcp,gwyseqa
948,pcreddonqb@hibu.com,QYQSgalp4nhM,qjahnsqb
949,sconnechieqc@upenn.edu,CQfJQdr,broddenqc
950,dgairqd@chronoengine.com,6o90a2,jwymerqd
951,seburneqe@timesonline.co.uk,v1ioD5Sjj,kbucherqe
952,brockinghamqf@zimbio.com,G7NdmxVOpT3,kputtanqf
953,dwildmanqg@pinterest.com,cSBVEQQSRw,dhiornqg
954,vnesbyqh@twitpic.com,seo8YTno,ggilffillandqh
955,ocoatmanqi@bloglovin.com,YRmIFN,bdeniscoqi
956,lmuslaqj@comsenz.com,5RYNemZO,spinnockqj
957,afoucarqk@economist.com,18wLSlcH2,ghysomqk
958,hdibiasioql@ameblo.jp,msnwg1,swhickmanql
959,kudieqm@yellowpages.com,5F8B417z,sharlettqm
960,dswinbourneqn@tamu.edu,Dxvr82Zc8ZAh,dateridgeqn
961,rtroyqo@mac.com,kfHBkdCYx8H,vextalqo
962,ctanguyqp@ifeng.com,NlKaQdBXVVmi,eboynqp
963,wsmewingqq@dailymotion.com,wKbe4UG9XM,ilinacreqq
964,daloigiqr@posterous.com,cYWnKZQ,lmahyqr
965,cprielqs@noaa.gov,q962J37,fkohringqs
966,bbagnallqt@adobe.com,DRucckl,pradbornqt
967,creadshallqu@netlog.com,vRHxtAc,elillowqu
968,jchildsqv@jimdo.com,WMtj9k5l8,cmcgrathqv
969,sgeistmannqw@networksolutions.com,2KAF5iNI,vruddomqw
970,kpeperellqx@altervista.org,liYM9z,biremongerqx
971,fgainsfordqy@ovh.net,qa1yk3fPyRwZ,lbearnqy
972,ggeorgelinqz@reddit.com,K2CBdc8JGLj8,epigeramqz
973,hmosedallr0@nature.com,SQOpm50g,aseidr0
974,bbickerstaffer1@unicef.org,Z26okc,snewardr1
975,acolegater2@comcast.net,SE5CPY13mPb5,scanetr2
976,tdowsingr3@oakley.com,zF2QHZyQb,adaunceyr3
977,dogilvyr4@salon.com,7R2pM5VrWdG,chollowsr4
978,nguittr5@chron.com,Sp4rhyPp,mdalwisr5
979,jslocomber6@buzzfeed.com,iTyFiBHcr0,dstorrierr6
980,emarietr7@reverbnation.com,A25Xnnnc6NF6,agatecliffer7
981,hnoicer8@answers.com,GeAQt5daTk,ebanthamr8
982,drankenr9@cisco.com,WHHCyn5iiEUD,hduckworthr9
983,ederuggerora@mlb.com,lGLbMM4OafL,bchittyra
984,bstockeyrb@fc2.com,MsgeIlj374xW,phauxwellrb
985,ttremaynerc@edublogs.org,AOXckRiM,pswadlingerc
986,esambathrd@sciencedaily.com,MeCpGYAV1KI,wtopperrd
987,gwhittare@elegantthemes.com,ppyTn6Nu,candertonre
988,nflookrf@devhub.com,9Xqbj0hrziF,cbaglowrf
989,ccuddyrg@discovery.com,qMa385,gepsleyrg
990,rvaneedenrh@ted.com,sXXh8OOlUUs7,fnijssenrh
991,bdurnallri@wunderground.com,UFjGKGWBJK,ehamperri
992,zmacgallrj@unc.edu,1XX4kw088F,ctealerj
993,hpalombark@histats.com,Bi81Tw,fgeibelrk
994,jboggonrl@plala.or.jp,8A9BenyQ4,jmantharl
995,croerm@devhub.com,esPbAUex6Hj,fhutchinrm
996,mdemangeotrn@hao123.com,li4JWySO9,hcicchillorn
997,bpeevorro@chronoengine.com,SArTKg6SV,rclemittro
998,brojahnrp@elegantthemes.com,MLLyxUlI0,bclitheroerp
999,kcantonrq@cbslocal.com,GrC6QtLrIWDm,sdooreyrq
1000,btebbothrr@symantec.com,nVKv8N70zxE,npicrr
